{
    "IONEX VERSION / TYPE": "o Format version (1.1)\no File type ('I' for Ionosphere maps)\no Satellite system or theoretical model:\n  - 'BEN': BENt\n  - 'ENV': ENVisat\n  - 'ERS': ERS\n  - 'GEO': GEOstationary satellite(s)\n  - 'GNS': GNSs\n  - 'IRI': IRI\n  - 'MIX': MIXed/combined\n  - 'NNS': NNSs (transit)\n  - 'TOP': TOPex/poseidon\n  This record has to be the first one in\n  an IONEX file!",
    "PGM / RUN BY / DATE": "o Name of program creating current file\no Name of agency creating current file\no Date and time of file creation",
    "DESCRIPTION": "It is highly recommended to give a brief\ndescription of the technique, model, ...\nPlease distinguish between description\nand pure comment.",
    "COMMENT": "Comment line(s). Note that comment lines\nare not allowed right at the beginning\nof a file or within TEC/RMS/HGT data\nblocks (see 'LAT/LON1/LON2/DLON/H').",
    "EPOCH OF FIRST MAP": "Epoch of first TEC map (UT):\n  year (4 digits), month, day, hour,\n  min, sec (integer)",
    "EPOCH OF LAST MAP": "Epoch of last TEC map (UT):\n  year (4 digits), month, day, hour,\n  min, sec (integer)",
    "INTERVAL": "Time interval between the TEC maps, in\nseconds (integer). If '0' is specified,\n'INTERVAL' may be variable.",
    "# OF MAPS IN FILE": "Total number of TEC/RMS/HGT maps\ncontained in current file.",
    "MAPPING FUNCTION": "Mapping function adopted for TEC deter-\nmination:\n  'NONE': no MF used (e.g. altimetry),\n  'COSZ': 1/cos(z),\n  'QFAC': Q-factor.\n  Others might be introduced.",
    "ELEVATION CUTOFF": "Minimum elevation angle in degrees.\n'0.0', if unknown; '90.0' for altimetry.",
    "OBSERVABLES USED": "One-line specification of the observ-\nable(s) used in the TEC computation (or\nblank line for theoretical models).",
    "# OF STATIONS": "Number of contributing stations.",
    "# OF SATELLITES": "Number of contributing satellites.",
    "SYS / # STA / # SAT": "o Each individual GNSS (system code)\n  o # of stations\n  o # of satellites\n  Satellite system codes (from RINEX):\n    'G': GPS\n    'R': GLONASS\n    'E': Galileo\n    'J': QZSS\n    'C': BeiDou\n    'I': IRNSS\n    'S': SBAS payloads\n  Note: SYS is mandatory in case of GNSS;\n  # STA, # SAT might be blank/undefined.",
    "BASE RADIUS": "Mean earth radius or bottom of height\ngrid (in km), e.g.: 6371 km or 6771 km.",
    "MAP DIMENSION": "Dimension of TEC/RMS maps: 2 or 3.\nSee also 'TEC VALUES'.",
    "HGT1 / HGT2 / DHGT": "Definition of an equidistant grid in\nheight:\n  'HGT1' to 'HGT2' with increment 'DHGT'\n  (in km), e.g.: '200.0 800.0 50.0'.\n  For 2-dimensional maps, HGT1 = HGT2 and\n  DHGT = 0, e.g.: '400.0 400.0 0.0' or\n  '0.0 0.0 0.0'\n  (see also 'BASE RADIUS').",
    "LAT1 / LAT2 / DLAT": "Definition of the grid in latitude :\n'LAT1' to 'LAT2' with increment 'DLAT' (in degrees).\n'LAT1' and 'LAT2' always have to be multiples of 'DLAT'.\nExample: '87.5 -87.5 -2.5'.",
    "LON1 / LON2 / DLON": "Definition of the grid in longitude :\n'LON1' to 'LON2' with increment 'DLON' (in degrees), where LON equals east longitude.\n'LON1' and 'LON2' always have to be multiples of 'DLON'.\nExample: '0.0 357.5 2.5' or '-180.0 177.5 2.5'.",
    "EXPONENT": "Exponent defining the unit of the values\nlisted in the following data block(s).\nDefault exponent is -1.\nSee also 'TEC VALUES', 'RMS VALUES', and\n'HGT VALUES'.",
    "START OF AUX DATA": "Record opening general escape sequence\nthat contains technique-related\nauxiliary data.\nNote that such data blocks may be\nskipped if you are interested in\nionospheric information only.",
    "END OF AUX DATA": "Record closing auxiliary data block.",
    "START OF TEC MAP": "Record indicating the start of the i-th\nTEC map, where i=1, 2, ..., n denotes the\ninternal number of the current map.\nAll maps have to be ordered chronologically.",
    "EPOCH OF CURRENT MAP": "Epoch of current map (UT):\n  year (4 digits), month, day, hour,\n  min, sec (integer).\n  'EPOCH OF CURRENT MAP' must be specified\n  at the first occurrence of the\n  associated map!",
    "LAT/LON1/LON2/DLON/H": "Record initializing a new TEC/RMS/HGT\ndata block for latitude 'LAT' (and\nheight 'H(GT)'), from 'LON1' to 'LON2'\n(with increment 'DLON').\nIn case of 2-dimensional maps, it is\nrecommended to define H = HGT1.\nNeither other types of records nor\ncomment lines are allowed after this\nrecord and within the subsequent data\nblock!",
    "END OF TEC MAP": "Record indicating the end of the i-th\nTEC map (see also 'START OF TEC MAP').",
    "START OF RMS MAP": "Record indicating the start of an RMS\nmap related to the i-th TEC map (see\nalso 'START OF TEC MAP').",
    "END OF RMS MAP": "Record indicating the end of an RMS map.",
    "START OF HEIGHT MAP": "Record indicating the start of a HEIGHT\nmap related to the i-th TEC map (see\nalso 'START OF TEC MAP').",
    "END OF HEIGHT MAP": "Record indicating the end of a HGT map.",
    "END OF HEADER": "Last record of header section.",
    "END OF FILE": "Last record closing the IONEX file."
}

